,FRONT_DESK_MANAGER,,FRONT_DESK,,EVIDENCE,
field,view,edit,view,edit,view,edit
id,TRUE,FALSE,TRUE,FALSE,TRUE,FALSE
treatment,TRUE,FALSE,TRUE,FALSE,TRUE,FALSE
name,FALSE,FALSE,FALSE,FALSE,FALSE,FALSE
surnames,FALSE,FALSE,FALSE,FALSE,FALSE,FALSE
displayName,TRUE,FALSE,TRUE,FALSE,TRUE,FALSE
language,TRUE,FALSE,TRUE,FALSE,TRUE,FALSE
email1,TRUE,FALSE,TRUE,FALSE,TRUE,FALSE
email2,TRUE,FALSE,TRUE,FALSE,TRUE,FALSE
mobile,TRUE,FALSE,TRUE,FALSE,TRUE,FALSE
city,TRUE,FALSE,TRUE,FALSE,TRUE,FALSE
country,TRUE,FALSE,TRUE,FALSE,FALSE,FALSE
postalCode,FALSE,FALSE,FALSE,FALSE,FALSE,FALSE
state,FALSE,FALSE,FALSE,FALSE,FALSE,FALSE
street,FALSE,FALSE,FALSE,FALSE,FALSE,FALSE
iban,FALSE,FALSE,FALSE,FALSE,FALSE,FALSE
vatPayer,TRUE,FALSE,TRUE,FALSE,FALSE,FALSE
identifiedVatPayer,TRUE,FALSE,TRUE,FALSE,FALSE,FALSE
cityTaxArea,FALSE,FALSE,FALSE,FALSE,FALSE,FALSE
ICO,TRUE,FALSE,TRUE,FALSE,FALSE,FALSE
invoiceSerial,FALSE,FALSE,FALSE,FALSE,FALSE,FALSE
receiptSerial,FALSE,FALSE,FALSE,FALSE,FALSE,FALSE
creditSerial,FALSE,FALSE,FALSE,FALSE,FALSE,FALSE
proformaSerial,FALSE,FALSE,FALSE,FALSE,FALSE,FALSE
proofOfPaymentSerial,FALSE,FALSE,FALSE,FALSE,FALSE,FALSE
creditOfProofOfPaymentSerial,FALSE,FALSE,FALSE,FALSE,FALSE,FALSE
contractSerial,FALSE,FALSE,FALSE,FALSE,FALSE,FALSE
settlementSerial,FALSE,FALSE,FALSE,FALSE,FALSE,FALSE
birthNumber,TRUE,FALSE,TRUE,FALSE,FALSE,FALSE
cityTaxSubject,TRUE,FALSE,TRUE,FALSE,FALSE,FALSE
cityTaxVariableSymbol,TRUE,FALSE,TRUE,FALSE,FALSE,FALSE
validity,TRUE,FALSE,TRUE,FALSE,FALSE,FALSE
cityTaxEntityRegistered,FALSE,FALSE,FALSE,FALSE,FALSE,FALSE
