field,ADMIN,MANAGER,FRONT_DESK_MANAGER,EVIDENCE
id,TRUE,TRUE,TRUE,TRUE
treatment,TRUE,TRUE,TRUE,TRUE
name,TRUE,TRUE,FALSE,FALSE
surnames,TRUE,TRUE,FALSE,FALSE
displayName,TRUE,TRUE,TRUE,TRUE
language,TRUE,TRUE,TRUE,TRUE
email1,TRUE,TRUE,TRUE,TRUE
email2,TRUE,TRUE,TRUE,TRUE
mobile,TRUE,TRUE,TRUE,TRUE
city,TRUE,TRUE,TRUE,TRUE
country,TRUE,TRUE,TRUE,FALSE
postalCode,TRUE,TRUE,FALSE,FALSE
state,TRUE,TRUE,FALSE,FALSE
street,TRUE,TRUE,FALSE,FALSE
iban,TRUE,TRUE,FALSE,FALSE
vatPayer,TRUE,TRUE,TRUE,FALSE
identifiedVatPayer,TRUE,TRUE,TRUE,FALSE
cityTaxArea,TRUE,TRUE,FALSE,FALSE
ICO,TRUE,TRUE,TRUE,FALSE
invoiceSerial,TRUE,TRUE,FALSE,FALSE
receiptSerial,TRUE,TRUE,FALSE,FALSE
creditSerial,TRUE,TRUE,FALSE,FALSE
proformaSerial,TRUE,TRUE,FALSE,FALSE
proofOfPaymentSerial,TRUE,TRUE,FALSE,FALSE
creditOfProofOfPaymentSerial,TRUE,TRUE,FALSE,FALSE
contractSerial,TRUE,TRUE,FALSE,FALSE
settlementSerial,TRUE,TRUE,FALSE,FALSE
birthNumber,TRUE,TRUE,TRUE,FALSE
cityTaxSubject,TRUE,TRUE,TRUE,FALSE
cityTaxVariableSymbol,TRUE,TRUE,TRUE,FALSE
validity,TRUE,TRUE,TRUE,FALSE
cityTaxEntityRegistered,TRUE,TRUE,FALSE,FALSE
